LeitorJson,lerJson,24/03/2026 16:14:30
ConversorCsv,converterParaCsv,24/03/2026 16:14:30
EscritorCsv,escreverCsv,24/03/2026 16:14:30
LeitorJson,lerJson,24/03/2026 16:15:10
ConversorCsv,converterParaCsv,24/03/2026 16:15:10
EscritorCsv,escreverCsv,24/03/2026 16:15:10
LeitorJson,lerJson,19/04/2026 18:59:33
ConversorCsv,converterParaCsv,19/04/2026 18:59:34
EscritorCsv,escreverCsv,19/04/2026 18:59:34
LeitorJson,lerJson,19/04/2026 19:00:03
ConversorCsv,converterParaCsv,19/04/2026 19:00:04
EscritorCsv,escreverCsv,19/04/2026 19:00:04
